Window_Size,GS,Total_Mem_MB,Avg_Mem_KB,Effective_Pixel,Max_Mem_MB,Max_Area_Agg_MB,Max_Area_Agg2_MB,Total_Valid_Windows
5x5,8,2583.8670733450185,1.8898885537305559,9.676229395100446,tensor(0.1518),tensor(0.1029),tensor(0.1004),1400019
5x5,16,3544.965359266201,5.134353677507974,13.143945414420413,tensor(0.1373),tensor(0.0981),tensor(0.0982),707011
5x5,48,6027.055622722576,25.550318391014393,21.802938360332284,tensor(0.0957),tensor(0.0855),tensor(0.0855),241551
