Window_Size,GS,Total_Mem_MB,Avg_Mem_KB,Effective_Pixel,Max_Mem_MB,Max_Area_Agg_MB,Max_Area_Agg2_MB,Total_Valid_Windows
80x80,8,274.24297400553,45.08344925054788,0.9016689850109576,tensor(3.2181),tensor(0.8148),tensor(0.8078),6229
80x80,16,176.20662837014385,57.88758018961415,0.5788758018961415,tensor(1.9962),tensor(0.5038),tensor(0.5110),3117
80x80,48,108.81868913717345,107.14455545814002,0.35714851819380006,tensor(1.0208),tensor(0.2766),tensor(0.2766),1040
